[{"id":"99bb8088-cc4d-491c-805a-bf94a03a4170","hp":"082165561175","name":"imam wasmawi","userid":"jodi@gmail.com"},{"id":"b7186822-8e78-495a-b731-e599f58e65cc","hp":"082165561175","name":"imam ajalah","userid":"imam@uma.ac.id"},{"id":"fd1c0930-d7ff-4b3e-aaba-d613830d4feb","hp":"082165561175","name":"imam 1","userid":"jodi@gmail.com"},{"id":"e55d1f5f-d51f-4c73-b6aa-e0ea2d56af3d","hp":"082165561175","name":"imam 2","userid":"jodi@gmail.com"},{"id":"a81be6e6-8e6c-4c11-bc4f-c194008ecb16","hp":"082165561175","name":"imam wasmawi","userid":"pdai@uma.ac.id"},{"id":"70c0af8e-b721-4cbe-8c5a-c92d9653385d","hp":"081262887452","name":"Sundiko","userid":"admin@gmail.com"},{"id":"02b08997-3f4b-47da-8d0d-5569cddd9e4e","hp":"081260465144","name":"Selvi","userid":"admin@gmail.com"},{"id":"1f425c1e-6d39-4d0c-a684-20bf462c87c8","hp":"085156846593","name":"Unknown","userid":"admin@gmail.com"},{"id":"ca2e92e6-d3b8-4317-bb02-690d9bb74ef3","hp":"082165561175","name":"Imam Wasamwi","userid":"auxcine03@gmail.com"},{"id":"9efec600-9919-46e5-b001-87a5850b3360","hp":"081260465144","name":"Andre","userid":"auxcine03@gmail.com"},{"id":"37417d5b-7986-4d56-9765-2a8ccd7b066b","hp":"9188853991520","name":"rajeev","userid":"admin@gmail.com"},{"id":"2344761e-340c-4eae-94af-ae2928b96450","hp":"+918853991520","name":"cg","userid":"admin@gmail.com"}]