[{"id":"97f56180-29c6-434e-9dca-91af81dba4e7","body":"!ping","reply":"imam"},{"id":"36d863f1-2193-437d-8001-8175ea1078d6","body":"!ping","reply":"imam wasmawi","userid":"imam@uma.ac.id"},{"id":"7da7c096-5cdf-4e75-baf8-0e6ba47a44e2","body":"!ping","reply":"jodi","userid":"jodi@gmail.com"},{"id":"62c78fa3-1955-49e1-a196-8c5d41b51bf1","body":"aaaa","reply":"aaaa","userid":"jodi@gmail.com"},{"id":"c3596702-9ffe-41cd-ac1d-ecb95d7ca8fe","body":"!indri","reply":"Love u","userid":"pdai@uma.ac.id"},{"id":"78b1384b-4ad6-4594-b71f-aa1ef44a5e9b","body":"!rahma","reply":"Selamat Ulang Tahun...\r\nLove u Love u Love u Love u Love u Love u Love u","userid":"pdai@uma.ac.id"},{"id":"37a7f445-ad81-45e7-9596-56bb55be8960","body":"cantik","reply":"Sayang Kamu","userid":"admin@gmail.com"},{"id":"0f065ec4-485f-41a8-a4e7-de7e2931a52b","body":"P","reply":"iaa sayangkooooooo","userid":"admin@gmail.com"},{"id":"efb592c5-f3ae-4fcd-a44d-ab144146bccf","body":"ping","reply":"Hallo ini saya","userid":"auxcine03@gmail.com"}]