[{"id":"263d65f3-3a12-43cb-8320-950581d7b3d5","date":"2022-07-09 10:13","sender":"fokjxevp","message":"Testerr","userid":"pdai@uma.ac.id","status":"Pending"},{"id":"d7f4aee1-b144-4526-96cf-5e68a20e36c1","date":"2022-07-09 11:53","sender":"dzuqlzje","message":"ini dari imam","userid":"imam@uma.ac.id","status":"Schedule"},{"id":"6e049c3d-c214-4d2b-9771-3547cf995d53","date":"2022-07-09 12:22","sender":"dzuqlzje","message":"TEST KEDUA","userid":"imam@uma.ac.id","status":"Schedule"},{"id":"71b43627-631b-4320-9d82-388bd75b57dd","date":"2022-07-09 12:25","sender":"dzuqlzje","message":"TEST KE EMPAT LOGOUT ","userid":"imam@uma.ac.id","status":"Schedule"},{"id":"8f0ec4c3-3dc9-447c-8aca-7899c1cf028d","date":"2022-07-10 13:43","sender":"dzuqlzje","message":"Selamat Lebaran Idul Adha","userid":"imam@uma.ac.id","status":"Schedule"},{"id":"295810e9-e458-4328-a363-f7ca8922e3cd","date":"2022-07-10 13:48","sender":"dzuqlzje","message":"Selamat Lebaran Idul Adha","userid":"imam@uma.ac.id","status":"Schedule"},{"id":"ac889b35-0d9e-4c88-9b18-f17534c61b0b","date":"2022-07-13 06:20","sender":"rrewjmse","message":"mkmkmkmkmkmk","userid":"imam@uma.ac.id","status":"Schedule"},{"id":"878c08be-d7c0-4fe6-8f22-0ced2d5ad765","date":"2022-07-19 20:18","sender":"fuwhetdf","message":"ADFADFADFADF","userid":"admin@gmail.com","status":"Schedule"},{"id":"36704c90-174e-455f-a631-9272aaab0815","date":"2022-07-19 21:58","sender":"mbrdzkcz","message":"TESTER BROADCAST","userid":"admin@gmail.com","status":"Schedule"},{"id":"ef9aed82-5923-4c01-9e31-dd6b707c1b24","date":"2022-08-02 18:39","sender":"birzeprf","message":"Ini Tester Schedule","userid":"admin@gmail.com","status":"Schedule"},{"id":"0f906039-d9cd-4ed1-939f-0a98ff433234","date":"2022-09-07 20:06","sender":"prathnxk","message":"aplikasi kasi whatsapp scedule","userid":"auxcine03@gmail.com","status":"Schedule"},{"id":"3b7f6a96-2343-4f66-b81a-961fda30f8c4","date":"2022-09-07 20:10","sender":"prathnxk","message":"test","userid":"auxcine03@gmail.com","status":"Schedule"}]